BI_24.tif,4.2362723,125
A_44.tif ,5.2842843,44
BI_08.tif,6.3210198,109
A_59.tif ,7.3565686,59
BI_03.tif,8.3876492,104
A_69.tif ,11.409833,69
BL_27.tif,12.4564838,155
A_55.tif ,13.4906538,55
A_51.tif ,14.5251513,51
BL_21.tif,15.5591199,149
BI_11.tif,16.591393,112
BH_16.tif,17.6276001,90
BI_18.tif,23.3548087,119
A_39.tif ,24.3977014,39
BH_07.tif,25.4317473,81
A_23.tif ,33.9706629,23
A_41.tif ,35.0172249,41
BH_10.tif,36.0534894,84
A_22.tif ,37.0899631,22
A_06.tif ,41.7079959,6
A_12.tif ,42.7524922,12
BH_24.tif,47.4957235,98
A_30.tif ,48.5402551,30
BL_03.tif,49.5745444,131
BI_14.tif,52.7993461,115
BH_12.tif,57.4561975,86
A_19.tif ,62.7318013,19
BL_15.tif,63.7794337,143
BI_05.tif,64.8128136,106
A_69.tif ,65.8467649,69
BH_25.tif,66.8789896,99
A_12.tif ,67.9112493,12
BI_15.tif,70.7025378,116
A_13.tif ,73.0581763,13
BI_23.tif,74.1037033,124
A_33.tif ,76.5918186,33
BI_03.tif,77.6342914,104
BH_06.tif,78.668508,80
BH_26.tif,79.7029935,100
BL_03.tif,80.7369876,131
BH_22.tif,81.7711996,96
BH_18.tif,82.8054535,92
A_48.tif ,83.8376792,48
BI_16.tif,84.8722635,117
A_32.tif ,85.9053373,32
A_27.tif ,86.9394479,27
A_56.tif ,87.9746569,56
A_20.tif ,89.0108573,20
A_29.tif ,92.866252,29
BI_26.tif,93.9128047,127
BL_04.tif,94.9452104,132
A_36.tif ,95.979333,36
BI_27.tif,97.0156867,128
BL_19.tif,98.051708,147
A_03.tif ,99.0869796,3
A_24.tif ,100.1201556,24
A_41.tif ,101.1534955,41
A_07.tif ,102.1860425,7
A_68.tif ,103.2208516,68
BI_23.tif,104.2561454,124
A_10.tif ,105.2903881,10
A_74.tif ,106.3255836,74
BH_25.tif,107.3581356,99
BH_11.tif,108.3931124,85
BL_17.tif,109.4283371,145
BH_25.tif,113.1441104,99
BH_03.tif,114.1905685,77
BH_04.tif,115.224789,78
A_58.tif ,116.2590386,58
A_45.tif ,117.2926478,45
A_34.tif ,118.3275058,34
A_14.tif ,119.361741,14
A_37.tif ,120.3951168,37
BL_01.tif,121.4282231,129
BL_02.tif,122.4627405,130
BH_06.tif,123.4969748,80
A_25.tif ,124.5331395,25
BH_13.tif,125.5682991,87
BI_26.tif,126.6034529,127
BL_06.tif,127.6367461,134
BL_08.tif,128.6719157,136
A_25.tif ,129.7054915,25
BI_12.tif,130.7394924,113
BL_09.tif,133.9355149,137
BI_21.tif,134.9820518,122
BL_15.tif,136.0142999,143
BI_24.tif,137.0487129,125
BL_07.tif,138.0838573,135
BL_18.tif,139.1181355,146
BH_05.tif,141.7017554,79
BH_02.tif,142.7480796,76
A_46.tif ,146.0532056,46
A_69.tif ,147.0978908,69
BH_16.tif,148.1318685,90
BH_01.tif,149.1661236,75
A_60.tif ,150.1983745,60
A_57.tif ,151.2297586,57
BI_05.tif,152.2652183,106
BL_27.tif,154.97531,155
A_54.tif ,156.0198638,54
A_56.tif ,157.0563096,56
BL_27.tif,158.0900641,155
A_63.tif ,162.743599,63
BL_12.tif,163.7880535,140
BI_21.tif,164.8225234,122
BI_09.tif,167.9526257,110
BI_10.tif,168.9991157,111
BL_07.tif,170.0324995,135
A_21.tif ,171.068721,21
BH_26.tif,172.1049263,100
A_72.tif ,175.0239303,72
BL_10.tif,176.0692564,138
A_30.tif ,178.276247,30
A_04.tif ,179.3215015,4
A_72.tif ,180.354784,72
BH_02.tif,181.3870217,76
A_15.tif ,182.4215388,15
BI_26.tif,183.4575424,127
A_17.tif ,184.4930066,17
A_35.tif ,188.4230771,35
A_26.tif ,189.4705476,26
A_74.tif ,192.9080068,74
A_47.tif ,193.9544023,47
BH_07.tif,194.9886822,81
A_46.tif ,196.0235548,46
A_33.tif ,197.0593511,33
BI_03.tif,198.0953707,104
BI_21.tif,199.1275812,122
A_16.tif ,200.159843,16
BI_23.tif,201.1920946,124
BH_09.tif,202.2277779,83
BL_02.tif,203.2625492,130
BH_17.tif,204.2947977,91
BI_24.tif,205.3281387,125
A_10.tif ,206.3613896,10
A_27.tif ,207.3967031,27
A_30.tif ,208.4308561,30
BL_05.tif,209.4642019,133
A_19.tif ,210.5002021,19
A_03.tif ,211.5324489,3
A_73.tif ,212.5666807,73
A_49.tif ,216.8350438,49
BH_22.tif,217.8802437,96
BL_22.tif,218.9127184,150
A_19.tif ,219.946298,19
A_02.tif ,220.980387,2
A_23.tif ,222.0167212,23
BL_24.tif,223.0527001,152
BH_01.tif,224.0868724,75
BH_02.tif,225.1201205,76
BI_23.tif,226.1553701,124
A_67.tif ,227.1910734,67
BL_08.tif,228.2268097,136
A_32.tif ,229.2620564,32
BL_19.tif,230.2962909,147
A_64.tif ,231.3305434,64
BI_10.tif,232.362952,111
BI_06.tif,233.3951369,107
A_43.tif ,234.4307269,43
BI_04.tif,235.4635021,105
A_59.tif ,236.4966307,59
BH_06.tif,237.5310891,80
A_35.tif ,238.5642049,35
A_60.tif ,239.5978497,60
BH_16.tif,240.6326759,90
BH_15.tif,241.664892,89
A_25.tif ,242.6975135,25
BH_05.tif,243.7294626,79
BH_08.tif,244.7638596,82
A_74.tif ,245.7948688,74
A_29.tif ,246.8281053,29
BL_24.tif,247.8633474,152
A_50.tif ,248.8995568,50
A_40.tif ,249.9338405,40
BI_07.tif,250.9681098,108
BL_22.tif,252.0035526,150
BH_11.tif,253.0365232,85
BL_17.tif,254.0707529,145
A_40.tif ,258.5754673,40
BI_19.tif,259.6190023,120
BL_11.tif,260.6532931,139
BL_05.tif,261.6884264,133
BI_05.tif,262.7246254,106
BI_08.tif,263.7611763,109
A_40.tif ,264.7952939,40
BI_08.tif,265.830355,109
A_18.tif ,266.866537,18
A_04.tif ,267.9028039,4
BL_04.tif,268.9360221,132
A_01.tif ,269.9692472,1
A_11.tif ,271.001776,11
BL_10.tif,272.0391627,138
BI_25.tif,273.0751093,126
BL_25.tif,274.1101753,153
BH_17.tif,275.1424247,91
A_17.tif ,276.1758189,17
A_74.tif ,277.2111364,74
A_03.tif ,280.1038798,3
A_24.tif ,281.150379,24
BI_11.tif,282.1840626,112
A_70.tif ,283.2188578,70
BI_01.tif,284.2521955,102
BH_15.tif,288.5862896,89
A_33.tif ,289.6320989,33
A_42.tif ,290.6669735,42
BH_21.tif,291.70119,95
BL_19.tif,292.7354217,147
A_38.tif ,293.7698355,38
A_09.tif ,294.8041002,9
A_73.tif ,295.8374632,73
A_65.tif ,296.872565,65
A_22.tif ,297.9046161,22
BH_08.tif,298.9368312,82
A_68.tif ,299.9688866,68
BH_01.tif,301.0013315,75
A_36.tif ,302.0338218,36
BL_23.tif,305.4631143,151
A_72.tif ,306.5077292,72
A_70.tif ,307.5399614,70
A_58.tif ,308.5738805,58
A_39.tif ,309.6077515,39
BH_04.tif,310.6405988,78
A_69.tif ,311.6745973,69
BH_13.tif,314.2797048,87
A_52.tif ,318.5003509,52
A_51.tif ,319.5472004,51
BI_21.tif,320.5830012,122
BI_16.tif,321.6152441,117
A_69.tif ,322.649477,69
A_71.tif ,323.6827206,71
BL_14.tif,324.7182001,142
A_19.tif ,325.7521862,19
BL_18.tif,326.7844922,146
A_42.tif ,327.8206572,42
A_36.tif ,328.854673,36
BH_21.tif,329.8871643,95
BI_27.tif,330.9206149,128
BL_09.tif,331.9530543,137
BH_19.tif,332.9870186,93
BL_18.tif,334.0192185,146
A_44.tif ,335.0553514,44
A_45.tif ,336.0895683,45
A_11.tif ,337.1250935,11
BH_19.tif,340.0935998,93
A_35.tif ,341.1380815,35
A_63.tif ,342.172519,63
A_28.tif ,343.2075456,28
BI_18.tif,344.241775,119
A_49.tif ,346.7448738,49
A_22.tif ,347.7902846,22
BI_15.tif,348.8245246,116
A_66.tif ,349.8569532,66
A_59.tif ,350.8931602,59
BH_13.tif,351.927286,87
A_64.tif ,352.9615426,64
BH_11.tif,353.9957906,85
A_19.tif ,355.031156,19
A_70.tif ,356.0662214,70
A_47.tif ,357.1008019,47
A_49.tif ,358.1357215,49
A_50.tif ,359.1680362,50
A_52.tif ,360.2041988,52
BH_03.tif,361.2374162,77
BH_25.tif,362.2729325,99
BL_09.tif,363.308995,137
A_57.tif ,364.3453381,57
BH_27.tif,365.3813539,101
A_05.tif ,366.4175992,5
BI_23.tif,367.4498263,124
A_54.tif ,368.4840601,54
BL_13.tif,369.5177388,141
BH_14.tif,370.5545241,88
A_56.tif ,371.5887611,56
A_67.tif ,372.6249918,67
BL_21.tif,373.6583869,149
BI_19.tif,374.6918548,120
BL_03.tif,375.7257738,131
BL_10.tif,376.7599531,138
A_45.tif ,377.7961533,45
BH_04.tif,378.8283896,78
A_20.tif ,379.8637014,20
A_34.tif ,380.8999934,34
BL_24.tif,381.9333675,152
A_22.tif ,382.9673333,22
BI_13.tif,383.9995962,114
A_47.tif ,385.0348355,47
BL_13.tif,386.0691612,141
A_30.tif ,387.1037112,30
A_26.tif ,394.8025425,26
BH_07.tif,395.8480404,81
BL_16.tif,399.3983273,144
BL_22.tif,400.4426468,150
BI_20.tif,401.4768839,121
BI_18.tif,404.9892237,119
A_59.tif ,406.0336939,59
A_12.tif ,407.0693109,12
A_07.tif ,408.1051416,7
A_59.tif ,409.1414271,59
A_03.tif ,410.1756637,3
A_31.tif ,411.2079034,31
A_56.tif ,412.2413074,56
A_44.tif ,413.274679,44
A_34.tif ,414.3068037,34
BI_27.tif,415.3420113,128
A_21.tif ,416.3750881,21
BH_19.tif,417.4093351,93
A_39.tif ,418.4435676,39
BH_08.tif,419.4780338,82
A_45.tif ,420.5151942,45
A_03.tif ,421.5482809,3
BL_15.tif,422.5805145,143
A_69.tif ,423.6118861,69
A_35.tif ,428.3589785,35
BH_12.tif,429.403643,86
BI_06.tif,430.437607,107
A_06.tif ,431.4727545,6
BH_17.tif,432.5079916,91
A_62.tif ,433.5402409,62
A_63.tif ,434.5738033,63
BH_24.tif,435.608673,98
A_73.tif ,436.6429293,73
BI_20.tif,437.6771653,121
BL_20.tif,440.338823,148
A_11.tif ,441.3842499,11
A_06.tif ,442.4204869,6
BH_10.tif,443.4527241,84
BL_12.tif,445.8272164,140
A_49.tif ,448.0242139,49
A_15.tif ,449.070867,15
BI_07.tif,450.1050886,108
BI_17.tif,460.5128414,118
A_52.tif ,466.6017661,52
A_02.tif ,467.6470675,2
BL_26.tif,474.2492114,154
A_45.tif ,477.7928002,45
BI_27.tif,478.8362194,128
BH_03.tif,479.8706856,77
BH_11.tif,480.9028074,85
A_60.tif ,481.9360889,60
A_13.tif ,482.9723042,13
BH_03.tif,484.0054525,77
A_35.tif ,485.0394555,35
BI_22.tif,486.0751403,123
A_72.tif ,487.1103573,72
A_27.tif ,488.1443718,27
A_59.tif ,489.1796395,59
A_41.tif ,490.2148263,41
A_23.tif ,491.2490551,23
A_29.tif ,494.1113251,29
BI_24.tif,495.1526144,125
BI_19.tif,496.1868829,120
A_65.tif ,497.221078,65
A_40.tif ,498.2545099,40
BL_27.tif,499.288736,155
BH_09.tif,500.3238507,83
A_11.tif ,501.3600305,11
A_04.tif ,502.391572,4
A_67.tif ,503.4246452,67
A_65.tif ,504.4609828,65
BL_06.tif,511.4120786,134
BL_27.tif,512.4555885,155
BI_10.tif,513.4897821,111
BH_18.tif,514.5260634,92
BH_18.tif,515.562065,92
BI_05.tif,516.5943228,106
BH_24.tif,517.627686,98
BI_20.tif,521.4201758,121
A_11.tif ,522.4649438,11
A_39.tif ,523.4989859,39
BH_18.tif,524.5323041,92
BL_26.tif,525.56735,154
BI_02.tif,526.601597,103
A_61.tif ,527.6339379,61
BL_18.tif,528.66805,146
BI_02.tif,529.7007821,103
A_61.tif ,530.7365397,61
A_02.tif ,531.770851,2
A_68.tif ,532.8070159,68
BI_19.tif,533.8403992,120
A_19.tif ,534.8758196,19
BL_15.tif,535.9118277,143
BH_04.tif,536.9461484,78
BI_01.tif,537.9821617,102
A_13.tif ,539.0164252,13
A_68.tif ,540.0486529,68
BH_15.tif,541.0839643,89
BL_05.tif,542.1184772,133
BL_03.tif,543.1533515,131
A_01.tif ,544.1855816,1
BL_03.tif,545.2208391,131
A_28.tif ,547.5124734,28
BH_04.tif,550.8195697,78
A_06.tif ,551.8660589,6
BI_16.tif,552.9002995,117
BL_04.tif,553.9345414,132
A_55.tif ,554.9698983,55
BH_22.tif,556.0041949,96
BI_08.tif,557.0374319,109
A_06.tif ,558.0734856,6
A_51.tif ,563.5356191,51
A_41.tif ,564.5812726,41
A_54.tif ,565.6143146,54
A_38.tif ,566.6475628,38
A_64.tif ,567.6808009,64
A_05.tif ,568.7140905,5
BI_23.tif,573.2975007,124
BI_11.tif,574.3439727,112
A_63.tif ,575.3762576,63
A_16.tif ,576.4104458,16
A_10.tif ,577.4459431,10
A_10.tif ,578.4820816,10
A_01.tif ,579.5186411,1
A_09.tif ,580.5513655,9
A_30.tif ,581.5866549,30
BI_04.tif,582.6219137,105
A_58.tif ,583.6550804,58
BI_12.tif,588.3024615,113
BL_23.tif,589.348945,151
BL_09.tif,590.3821463,137
BH_19.tif,592.9581813,93
BI_14.tif,594.0035206,115
A_62.tif ,595.037762,62
A_60.tif ,596.0711315,60
A_38.tif ,597.1044806,38
A_61.tif ,599.885702,61
BI_20.tif,600.9280871,121
A_57.tif ,601.9624782,57
BH_27.tif,602.9984829,101
A_24.tif ,604.0306935,24
BH_12.tif,605.066933,86
A_72.tif ,606.1002619,72
A_72.tif ,607.135761,72
BH_02.tif,610.0114514,76
A_15.tif ,611.0579227,15
A_12.tif ,612.0904456,12
BH_10.tif,613.1244025,84
A_07.tif ,619.2148444,7
BI_10.tif,621.4868193,111
A_55.tif ,622.5332564,55
BI_03.tif,623.5655162,104
BI_02.tif,624.6011676,103
BL_09.tif,625.6359822,137
BH_05.tif,626.6702127,79
BH_18.tif,627.704438,92
BL_16.tif,628.7367478,144
A_57.tif ,629.7702622,57
BL_26.tif,630.8062558,154
BL_24.tif,631.8367182,152
A_53.tif ,632.8706149,53
A_12.tif ,633.9028731,12
BI_25.tif,634.9351111,126
A_60.tif ,635.9673509,60
A_38.tif ,637.0022381,38
BI_02.tif,638.0378039,103
BH_04.tif,640.5558821,78
A_73.tif ,641.6013168,73
BL_11.tif,642.6363112,139
A_27.tif ,643.6687581,27
BH_09.tif,644.7032101,83
BL_16.tif,647.5632939,144
BL_26.tif,652.8400269,154
A_27.tif ,653.8865078,27
A_02.tif ,654.922753,2
A_71.tif ,655.9570925,71
BI_20.tif,656.9905101,121
BI_12.tif,658.0274544,113
BH_27.tif,660.7260956,101
BL_11.tif,661.7715802,139
A_49.tif ,666.9414888,49
A_31.tif ,667.9878368,31
A_51.tif ,669.0220726,51
BI_14.tif,670.0574516,115
A_70.tif ,671.0925221,70
A_31.tif ,672.1270974,31
A_46.tif ,673.1621068,46
A_58.tif ,674.1952536,58
BI_14.tif,675.2305257,115
A_04.tif ,678.8774873,4
BI_25.tif,682.0550736,126
BH_20.tif,685.1307026,94
BH_26.tif,686.1772133,100
BL_24.tif,687.213828,152
A_22.tif ,688.2496356,22
BL_22.tif,692.3365936,150
A_58.tif ,694.6935297,58
BH_13.tif,697.4419313,87
BH_24.tif,698.4884607,98
A_35.tif ,707.2039686,35
A_74.tif ,708.2452443,74
BH_21.tif,709.281484,95
BL_22.tif,710.3177161,150
A_21.tif ,711.3519401,21
BL_26.tif,712.3844937,154
A_26.tif ,713.4184141,26
BI_05.tif,714.4504386,106
BH_24.tif,715.4848746,98
BH_20.tif,716.5171197,94
A_54.tif ,717.551585,54
A_29.tif ,718.5868004,29
BI_04.tif,719.6220422,105
A_37.tif ,720.6560765,37
A_72.tif ,721.690296,72
BH_20.tif,722.723572,94
A_16.tif ,725.0399415,16
BI_21.tif,726.0817705,122
A_06.tif ,727.1180449,6
BL_10.tif,728.1530892,138
BH_17.tif,729.18735,91
BL_08.tif,733.2700695,136
BI_20.tif,734.3165776,121
A_44.tif ,735.350812,44
A_47.tif ,736.3850125,47
BH_02.tif,737.4215848,76
A_63.tif ,738.4564664,63
BH_11.tif,739.4897398,85
BL_10.tif,740.5251116,138
BL_11.tif,743.0909173,139
BI_20.tif,744.138311,121
BI_25.tif,745.1705253,126
BI_25.tif,746.2061154,126
BI_17.tif,747.2393373,118
A_74.tif ,748.2722461,74
A_24.tif ,749.3064805,24
BL_18.tif,750.3418596,146
A_50.tif ,751.3769729,50
A_21.tif ,752.4133746,21
BH_20.tif,753.449405,94
BH_23.tif,756.4053268,97
A_44.tif ,757.4500634,44
BH_05.tif,758.4840373,79
A_59.tif ,759.5172205,59
BH_11.tif,760.5514422,85
A_53.tif ,761.5836986,53
BL_10.tif,762.6170841,138
BI_10.tif,765.8450135,111
A_11.tif ,766.891487,11
A_29.tif ,767.9277553,29
BH_13.tif,768.9619826,87
A_41.tif ,769.997664,41
A_12.tif ,788.136416,12
A_04.tif ,789.1809306,4
BL_27.tif,790.2143094,155
BH_09.tif,791.2486391,83
BI_13.tif,792.281997,114
BH_15.tif,793.3158849,89
BI_22.tif,794.3511625,123
BL_24.tif,795.3873614,152
A_05.tif ,796.4225786,5
BI_17.tif,797.456757,118
BI_08.tif,798.4910588,109
BI_07.tif,799.5242961,108
A_31.tif ,800.5565552,31
BH_15.tif,801.5887497,89
A_43.tif ,802.6230296,43
BI_21.tif,803.6553482,122
A_67.tif ,804.6896745,67
BH_18.tif,807.3223864,92
A_56.tif ,808.3666625,56
BL_20.tif,809.4009093,148
A_03.tif ,832.1468502,3
A_58.tif ,833.1913039,58
A_37.tif ,834.2235257,37
BL_23.tif,835.2592274,151
BL_17.tif,836.2941102,145
BH_19.tif,837.3284751,93
BH_08.tif,838.3624717,82
BH_23.tif,839.3957973,97
BH_06.tif,840.4289761,80
A_17.tif ,841.4657239,17
A_20.tif ,842.4998666,20
A_09.tif ,843.535618,9
A_08.tif ,844.5689536,8
BL_13.tif,845.6031969,141
A_14.tif ,846.6383522,14
BL_09.tif,847.6728608,137
BI_17.tif,848.7058704,118
A_08.tif ,849.7400688,8
A_74.tif ,852.8019512,74
A_51.tif ,861.3589474,51
BH_26.tif,882.2229794,100
A_52.tif ,883.2694904,52
BL_13.tif,884.3037298,141
BI_04.tif,885.3403382,105
A_08.tif ,886.3722854,8
BL_14.tif,887.404672,142
A_02.tif ,895.9942419,2
BL_16.tif,898.511456,144
A_18.tif ,899.5579804,18
A_60.tif ,900.5921909,60
BI_15.tif,902.8013846,116
BH_12.tif,903.8446773,86
BI_22.tif,904.8789485,123
A_32.tif ,905.9149553,32
A_46.tif ,906.9491651,46
A_53.tif ,907.9845549,53
BH_13.tif,909.0168555,87
BL_19.tif,910.0495064,147
BI_19.tif,911.08413,120
BI_09.tif,912.117416,110
BH_23.tif,913.1526538,97
BL_07.tif,914.1878473,135
BL_15.tif,915.2233106,143
BI_04.tif,916.256351,105
A_48.tif ,917.2905563,48
BL_02.tif,918.3207979,130
BL_13.tif,919.3550439,141
A_61.tif ,920.3892689,61
A_21.tif ,925.7925835,21
A_44.tif ,926.8368311,44
BL_12.tif,927.8672886,140
BH_02.tif,928.9007459,76
A_29.tif ,929.9339438,29
BL_22.tif,930.9680062,150
A_04.tif ,932.0022479,4
BH_07.tif,935.2115129,81
A_08.tif ,939.4880104,8
BH_14.tif,940.5344385,88
A_15.tif ,941.5666754,15
BL_04.tif,944.2093837,132
BH_11.tif,947.0787061,85
BL_09.tif,948.1231547,137
A_68.tif ,949.1593834,68
BI_25.tif,950.1940859,126
A_22.tif ,959.7438373,22
A_06.tif ,962.5664844,6
BL_25.tif,963.6107902,153
A_34.tif ,964.643008,34
BL_20.tif,965.6752794,148
BI_25.tif,966.7086242,126
A_59.tif ,967.741968,59
BH_24.tif,968.7770616,98
A_08.tif ,969.8132251,8
BL_05.tif,970.8494219,133
A_71.tif ,971.881662,71
BL_03.tif,972.9156826,131
BH_10.tif,973.9502628,84
A_73.tif ,974.9865488,73
BL_25.tif,977.3428685,153
BH_22.tif,978.3872799,96
A_25.tif ,984.5824309,25
BI_22.tif,985.6269443,123
BI_14.tif,986.6591769,115
A_07.tif ,987.6937626,7
BL_11.tif,989.8075028,139
BH_01.tif,990.8489926,75
BH_10.tif,991.8849786,84
A_10.tif ,994.8898817,10
A_01.tif ,995.9364467,1
A_70.tif ,996.9726028,70
A_38.tif ,998.0068763,38
A_22.tif ,999.039082,22
BH_09.tif,1000.07563,83
A_69.tif ,1001.11132,69
A_55.tif ,1004.370533,55
A_20.tif ,1005.415387,20
BL_23.tif,1009.569629,151
A_45.tif ,1010.614142,45
BH_06.tif,1011.650414,80
BH_15.tif,1015.761099,89
A_59.tif ,1016.803597,59
BH_25.tif,1017.837346,99
BH_16.tif,1018.872061,90
A_23.tif ,1019.906302,23
A_21.tif ,1020.940323,21
A_68.tif ,1021.974776,68
BL_05.tif,1023.007224,133
A_28.tif ,1024.041393,28
A_52.tif ,1025.078621,52
A_37.tif ,1026.110859,37
BL_19.tif,1027.145022,147
A_17.tif ,1028.179259,17
BI_13.tif,1030.895692,114
BH_27.tif,1031.940155,101
A_50.tif ,1032.974724,50
A_05.tif ,1034.010878,5
A_61.tif ,1037.198789,61
BI_06.tif,1038.2433,107
A_11.tif ,1039.278605,11
BL_08.tif,1040.312033,136
BI_15.tif,1043.795396,116
A_46.tif ,1044.839665,46
BL_20.tif,1045.87392,148
A_44.tif ,1046.908142,44
BL_10.tif,1047.940773,138
A_48.tif ,1048.976615,48
A_39.tif ,1050.00885,39
A_08.tif ,1051.043097,8
A_10.tif ,1052.077326,10
BI_14.tif,1053.109786,115
BL_09.tif,1054.144039,137
A_53.tif ,1055.178262,53
A_49.tif ,1056.210268,49
A_65.tif ,1057.242531,65
BL_26.tif,1059.84331,154
BI_03.tif,1060.887787,104
A_03.tif ,1063.510474,3
BH_23.tif,1064.554976,97
BH_20.tif,1065.590446,94
A_32.tif ,1066.62349,32
BH_20.tif,1067.657697,94
A_27.tif ,1068.687923,27
BH_06.tif,1069.719955,80
A_04.tif ,1070.752413,4
BL_06.tif,1071.786695,134
BI_26.tif,1072.819089,127
BL_03.tif,1073.853117,131
A_62.tif ,1074.885368,62
BH_26.tif,1075.919603,100
BL_24.tif,1076.951869,152
A_49.tif ,1077.984398,49
A_34.tif ,1079.01947,34
A_03.tif ,1080.05369,3
BI_22.tif,1081.087917,123
BL_27.tif,1082.122108,155
BL_01.tif,1083.155468,129
BI_03.tif,1084.188776,104
A_28.tif ,1085.221053,28
BH_03.tif,1086.256984,77
BI_17.tif,1088.585463,118
BL_06.tif,1089.629961,134
BI_04.tif,1090.666505,105
A_43.tif ,1091.700822,43
A_19.tif ,1092.73561,19
BH_12.tif,1093.770899,86
A_20.tif ,1094.805208,20
BH_17.tif,1095.839362,91
A_67.tif ,1096.871608,67
BI_24.tif,1097.90418,125
BH_19.tif,1098.938091,93
BL_21.tif,1099.970318,149
BH_14.tif,1101.004557,88
BL_13.tif,1103.703101,141
BH_08.tif,1104.745354,82
A_47.tif ,1105.779802,47
A_40.tif ,1106.816078,40
BI_06.tif,1107.848513,107
A_26.tif ,1108.882483,26
BI_07.tif,1109.915879,108
A_49.tif ,1110.950124,49
A_43.tif ,1111.982326,43
A_41.tif ,1113.014849,41
BL_22.tif,1114.050735,150
A_17.tif ,1115.084929,17
BI_21.tif,1116.119157,122
A_70.tif ,1117.155409,70
A_32.tif ,1118.188904,32
BI_11.tif,1119.225164,112
A_74.tif ,1120.258326,74
BH_01.tif,1121.292332,75
A_36.tif ,1122.328678,36
BL_14.tif,1123.362805,142
BL_13.tif,1124.395049,141
A_70.tif ,1125.427865,70
A_71.tif ,1126.461517,71
A_67.tif ,1127.493751,67
A_31.tif ,1128.527998,31
BI_06.tif,1129.562239,107
A_12.tif ,1130.595931,12
A_21.tif ,1131.630737,21
BI_18.tif,1132.664057,119
BL_11.tif,1133.698207,139
BH_18.tif,1134.732195,92
A_52.tif ,1135.764933,52
A_46.tif ,1136.799045,46
BL_14.tif,1137.833489,142
A_57.tif ,1138.869405,57
BH_17.tif,1139.903611,91
A_60.tif ,1140.937841,60
A_25.tif ,1141.972167,25
A_58.tif ,1143.00569,58
A_64.tif ,1144.038547,64
BL_08.tif,1148.285925,136
BH_25.tif,1149.33063,99
BL_12.tif,1150.364967,140
BL_20.tif,1151.396889,148
BH_02.tif,1152.431128,76
BI_10.tif,1153.467345,111
BL_09.tif,1154.503574,137
A_66.tif ,1155.535908,66
BH_26.tif,1156.570055,100
BI_20.tif,1157.606289,121
BI_01.tif,1158.640513,102
A_54.tif ,1159.672761,54
A_36.tif ,1160.705155,36
A_04.tif ,1161.74131,4
BL_18.tif,1162.773644,146
A_32.tif ,1163.809921,32
BH_04.tif,1166.838362,78
A_59.tif ,1167.884994,59
BL_20.tif,1168.92105,148
A_40.tif ,1169.954415,40
BH_15.tif,1170.987534,89
BL_26.tif,1172.020881,154
A_28.tif ,1173.055635,28
BH_23.tif,1174.087321,97
BL_20.tif,1175.123515,148
A_36.tif ,1176.157731,36
A_31.tif ,1177.193941,31
BI_06.tif,1178.229363,107
A_66.tif ,1179.26245,66
A_28.tif ,1180.299012,28
A_14.tif ,1189.189759,14
BH_05.tif,1191.640274,79
A_12.tif ,1192.685539,12
BL_12.tif,1193.71778,140
BH_12.tif,1212.09539,86
BI_22.tif,1213.141166,123
A_36.tif ,1214.178101,36
A_33.tif ,1215.211339,33
BH_10.tif,1216.245634,84
BH_26.tif,1217.278796,100
BI_02.tif,1218.311402,103
A_12.tif ,1219.343356,12
A_38.tif ,1220.379513,38
BI_22.tif,1221.41175,123
A_73.tif ,1222.444017,73
A_44.tif ,1223.478448,44
BL_13.tif,1224.510518,141
A_01.tif ,1225.544919,1
A_14.tif ,1710.949773,14
A_70.tif ,1711.99666,70
BL_25.tif,1713.03089,153
A_42.tif ,1714.067104,42
BL_23.tif,1715.107176,151
BL_03.tif,1716.144761,131
BH_14.tif,1717.178614,88
A_56.tif ,1718.215385,56
A_62.tif ,1719.251305,62
A_61.tif ,1720.289995,61
BI_14.tif,1721.322105,115
A_25.tif ,1724.276272,25
BL_08.tif,1728.533116,136
A_29.tif ,1729.58288,29
BH_23.tif,1733.721188,97
BL_10.tif,1734.768926,138
A_65.tif ,1735.808148,65
A_56.tif ,1740.926141,56
A_69.tif ,1748.691833,69
A_14.tif ,1749.734389,14
BL_03.tif,1750.777242,131
A_02.tif ,1751.816478,2
BL_18.tif,1752.85385,146
A_17.tif ,1753.88606,17
A_34.tif ,1754.922083,34
A_03.tif ,1755.958587,3
A_02.tif ,1756.997169,2
BL_25.tif,1758.031643,153
A_13.tif ,1759.069314,13
A_45.tif ,1760.104362,45
BL_09.tif,1761.141834,137
BI_15.tif,1762.175277,116
BI_13.tif,1763.210333,114
A_14.tif ,1764.247743,14
A_71.tif ,1765.28265,71
A_46.tif ,1766.841998,46
A_22.tif ,1767.879526,22
A_26.tif ,1768.918584,26
A_15.tif ,1769.951939,15
BI_09.tif,1770.987717,110
A_48.tif ,1772.024458,48
BH_10.tif,1773.057779,84
BH_16.tif,1774.091187,90
A_24.tif ,1775.131511,24
BI_13.tif,1776.169848,114
A_23.tif ,1777.209125,23
A_25.tif ,1779.980785,25
BH_09.tif,1781.031684,83
A_57.tif ,1782.071614,57
A_15.tif ,1783.108474,15
A_37.tif ,1784.146399,37
A_50.tif ,1785.181732,50
BI_17.tif,1786.221001,118
BH_21.tif,1787.257641,95
BI_07.tif,1788.296703,108
BL_08.tif,1789.336576,136
BI_22.tif,1791.509451,123
BI_09.tif,1792.552185,110
BL_20.tif,1793.587837,148
A_64.tif ,1794.622228,64
A_34.tif ,1795.660789,34
BH_21.tif,1796.696817,95
BI_14.tif,1797.733976,115
BH_14.tif,1798.772254,88
BH_20.tif,1799.8062,94
BI_18.tif,1800.843717,119
A_18.tif ,1801.87837,18
A_15.tif ,1802.916684,15
A_74.tif ,1803.952505,74
A_09.tif ,1804.985189,9
BL_19.tif,1806.020355,147
BL_25.tif,1807.054084,153
A_39.tif ,1808.092088,39
A_73.tif ,1809.132548,73
BH_22.tif,1810.165538,96
A_68.tif ,1811.202238,68
BI_02.tif,1812.237934,103
A_37.tif ,1813.273624,37
BI_07.tif,1814.308236,108
BI_16.tif,1815.342647,117
A_40.tif ,1816.375894,40
BI_15.tif,1819.652582,116
A_06.tif ,1820.694377,6
BH_09.tif,1821.735795,83
BH_09.tif,1822.772979,83
BI_13.tif,1823.809236,114
BL_16.tif,1824.847214,144
BH_12.tif,1825.888663,86
BL_24.tif,1826.925444,152
A_23.tif ,1827.963166,23
A_02.tif ,1829.003098,2
A_57.tif ,1836.236749,57
BH_08.tif,1837.287647,82
A_34.tif ,1838.323276,34
A_66.tif ,1839.357163,66
BI_05.tif,1840.393607,106
A_20.tif ,1841.431734,20
A_14.tif ,1844.375414,14
A_39.tif ,1845.417717,39
BL_23.tif,1846.458685,151
BI_15.tif,1847.491049,116
A_31.tif ,1848.528139,31
A_68.tif ,1849.560921,68
A_39.tif ,1850.599425,39
A_08.tif ,1851.632863,8
BL_04.tif,1852.667058,132
A_72.tif ,1853.704468,72
BH_11.tif,1854.736769,85
A_53.tif ,1855.773008,53
A_50.tif ,1856.813155,50
BH_24.tif,1857.848163,98
BI_26.tif,1858.882122,127
BI_24.tif,1859.916978,125
A_68.tif ,1860.951925,68
BL_11.tif,1861.991429,139
BH_19.tif,1863.026944,93
A_35.tif ,1864.064622,35
BL_14.tif,1865.098072,142
A_51.tif ,1866.139736,51
BI_08.tif,1867.177212,109
A_07.tif ,1868.216837,7
A_42.tif ,1869.252271,42
BH_07.tif,1870.284734,81
BH_05.tif,1871.321426,79
BL_15.tif,1872.353147,143
BH_05.tif,1873.391814,79
A_33.tif ,1874.427731,33
BI_20.tif,1875.466135,121
A_71.tif ,1876.507316,71
BH_10.tif,1877.545515,84
A_20.tif ,1878.578889,20
BH_04.tif,1879.613419,78
BH_27.tif,1880.644239,101
BL_16.tif,1881.678533,144
BL_12.tif,1882.712098,140
A_42.tif ,1883.746897,42
BL_02.tif,1884.779181,130
A_25.tif ,1885.819428,25
BL_07.tif,1886.856805,135
BI_04.tif,1887.895233,105
BI_19.tif,1888.935167,120
BI_17.tif,1889.970966,118
BL_12.tif,1891.012018,140
A_35.tif ,1892.048828,35
A_19.tif ,1893.084378,19
A_65.tif ,1894.119335,65
A_27.tif ,1895.158588,27
A_37.tif ,1896.201195,37
BH_27.tif,1897.23525,101
A_60.tif ,1898.27266,60
A_65.tif ,1899.306858,65
BH_01.tif,1900.345519,75
A_71.tif ,1901.380222,71
BI_02.tif,1902.414637,103
BL_07.tif,1903.452965,135
A_26.tif ,1904.491251,26
BL_02.tif,1905.528891,130
A_33.tif ,1906.561801,33
BH_14.tif,1907.596165,88
A_48.tif ,1908.632179,48
A_16.tif ,1909.669893,16
BL_01.tif,1910.706202,129
BH_15.tif,1911.744463,89
A_72.tif ,1912.779608,72
A_67.tif ,1913.817554,67
BI_04.tif,1914.856588,105
BI_27.tif,1915.894497,128
BI_02.tif,1916.932823,103
A_47.tif ,1917.967111,47
BI_11.tif,1919.003121,112
BL_14.tif,1920.037042,142
A_09.tif ,1921.077587,9
BH_23.tif,1922.113905,97
BI_05.tif,1923.150796,106
A_38.tif ,1924.184328,38
BH_16.tif,1925.21905,90
BI_17.tif,1926.255687,118
A_54.tif ,1927.292286,54
BH_12.tif,1928.32551,86
A_05.tif ,1929.35967,5
BH_16.tif,1930.397555,90
A_09.tif ,1931.430515,9
BL_06.tif,1932.465581,134
BI_08.tif,1935.274567,109
BL_07.tif,1936.317583,135
A_61.tif ,1937.351039,61
A_20.tif ,1938.387154,20
A_41.tif ,1941.845808,41
BL_18.tif,1942.898352,146
A_05.tif ,1945.641718,5
BI_27.tif,1946.690293,128
A_11.tif ,1947.722171,11
BH_16.tif,1950.837505,90
BI_24.tif,1951.88711,125
BH_05.tif,1952.921776,79
A_32.tif ,1953.959636,32
BH_26.tif,1954.992605,100
A_30.tif ,1956.030893,30
A_56.tif ,1957.066202,56
BL_22.tif,1958.099192,150
BH_11.tif,1959.134796,85
BL_01.tif,1960.168805,129
BH_08.tif,1961.203243,82
BI_04.tif,1962.23944,105
A_53.tif ,1963.280606,53
A_24.tif ,1964.320767,24
A_52.tif ,1965.355485,52
A_58.tif ,1966.393699,58
BL_10.tif,1967.432931,138
BH_25.tif,1968.47304,99
A_06.tif ,1969.507364,6
BI_25.tif,1970.547048,126
BL_25.tif,1971.580381,153
BH_04.tif,1972.617994,78
BI_24.tif,1973.653447,125
BI_26.tif,1974.690438,127
A_61.tif ,1975.732022,61
A_23.tif ,1976.765922,23
BL_25.tif,1977.800963,153
BI_26.tif,1978.840963,127
BI_27.tif,1979.881426,128
BH_24.tif,1980.914859,98
A_53.tif ,1981.955263,53
A_60.tif ,1982.989785,60
A_29.tif ,1984.02785,29
BH_21.tif,1985.062697,95
A_55.tif ,1986.098867,55
A_13.tif ,1987.140377,13
BI_16.tif,1988.179403,117
BI_13.tif,1989.216405,114
BI_01.tif,1990.256479,102
A_34.tif ,1991.294666,34
A_43.tif ,1992.337455,43
BL_16.tif,1993.377504,144
A_71.tif ,1994.408561,71
BL_21.tif,1995.44722,149
BI_16.tif,1996.481057,117
BL_05.tif,1997.5183,133
BI_12.tif,1998.558473,113
A_05.tif ,1999.598348,5
A_09.tif ,2000.636363,9
BI_11.tif,2001.673688,112
A_18.tif ,2002.708137,18
BH_06.tif,2003.749069,80
A_07.tif ,2004.782544,7
A_62.tif ,2005.816483,62
BI_14.tif,2006.854193,115
BH_07.tif,2007.886515,81
BL_27.tif,2008.924513,155
A_10.tif ,2009.963758,10
A_52.tif ,2010.999132,52
A_74.tif ,2012.029776,74
A_25.tif ,2013.068489,25
A_49.tif ,2014.103229,49
BI_15.tif,2015.143029,116
BH_15.tif,2016.180648,89
A_17.tif ,2017.234173,17
A_48.tif ,2018.269445,48
BI_17.tif,2019.308152,118
A_48.tif ,2020.341689,48
BI_05.tif,2021.38262,106
BI_16.tif,2022.41289,117
A_21.tif ,2023.449526,21
A_28.tif ,2024.48682,28
A_30.tif ,2025.523817,30
A_67.tif ,2026.56176,67
BH_26.tif,2027.601288,100
A_58.tif ,2028.638746,58
A_24.tif ,2029.67901,24
BL_11.tif,2030.717665,139
BI_09.tif,2031.749572,110
BH_01.tif,2032.783227,75
BI_01.tif,2033.820083,102
BH_13.tif,2034.856491,87
BI_06.tif,2035.893612,107
BI_19.tif,2036.92993,120
A_30.tif ,2037.962911,30
A_52.tif ,2039.001515,52
A_66.tif ,2040.044263,66
A_48.tif ,2041.083745,48
BL_02.tif,2042.122123,130
BH_21.tif,2043.161226,95
A_68.tif ,2044.199054,68
BI_09.tif,2045.236746,110
A_10.tif ,2046.272892,10
A_69.tif ,2047.308974,69
A_58.tif ,2048.347535,58
BI_09.tif,2049.37874,110
BI_25.tif,2050.415014,126
A_15.tif ,2051.447799,15
BI_11.tif,2052.482145,112
BL_17.tif,2053.522342,145
A_39.tif ,2054.556185,39
BI_23.tif,2055.594877,124
BH_22.tif,2056.637917,96
A_43.tif ,2057.674048,43
BI_16.tif,2058.712287,117
BL_05.tif,2059.748637,133
BI_12.tif,2060.784934,113
A_73.tif ,2061.819068,73
A_32.tif ,2062.854318,32
BH_23.tif,2063.888678,97
BL_13.tif,2064.924647,141
BL_15.tif,2065.962321,143
BH_17.tif,2067.002186,91
BL_18.tif,2068.0386,146
BH_20.tif,2069.073062,94
BI_27.tif,2070.113634,128
A_14.tif ,2071.147656,14
BI_12.tif,2072.190961,113
A_07.tif ,2073.226591,7
BI_19.tif,2074.262651,120
A_63.tif ,2075.298805,63
A_23.tif ,2076.338366,23
A_18.tif ,2077.371398,18
A_38.tif ,2078.404619,38
A_33.tif ,2079.439871,33
BL_06.tif,2080.47539,134
BI_08.tif,2081.512961,109
BI_03.tif,2082.547886,104
BI_11.tif,2083.582358,112
A_01.tif ,2084.617543,1
BH_16.tif,2085.651849,90
BI_07.tif,2086.687338,108
A_67.tif ,2087.7279,67
BI_13.tif,2088.765573,114
A_56.tif ,2089.797679,56
A_37.tif ,2090.831029,37
A_33.tif ,2091.870243,33
BL_05.tif,2092.909633,133
BH_10.tif,2093.947041,84
A_51.tif ,2094.982437,51
A_38.tif ,2096.018194,38
A_63.tif ,2097.058529,63
BI_18.tif,2098.092002,119
BH_04.tif,2099.125179,78
A_35.tif ,2100.159175,35
A_09.tif ,2101.195432,9
BH_21.tif,2102.226833,95
BI_19.tif,2103.263107,120
A_16.tif ,2104.303074,16
A_50.tif ,2105.337293,50
BL_14.tif,2106.370955,142
BI_13.tif,2107.408986,114
BI_22.tif,2108.44228,123
BL_07.tif,2109.477539,135
BL_20.tif,2110.512481,148
BH_13.tif,2111.551313,87
A_63.tif ,2112.591784,63
A_41.tif ,2113.627133,41
BL_01.tif,2114.663836,129
A_43.tif ,2115.698573,43
A_28.tif ,2116.735955,28
BH_25.tif,2117.770089,99
BL_14.tif,2118.803429,142
BL_16.tif,2119.838171,144
BH_11.tif,2120.878824,85
BH_06.tif,2121.913466,80
BL_23.tif,2122.949677,151
A_66.tif ,2123.987609,66
BL_25.tif,2125.026038,153
BI_05.tif,2126.061488,106
BH_24.tif,2127.100898,98
A_01.tif ,2128.139227,1
BI_06.tif,2129.179049,107
A_64.tif ,2130.21641,64
BI_18.tif,2131.250562,119
BI_12.tif,2132.287889,113
A_23.tif ,2133.323404,23
BI_17.tif,2134.359269,118
BH_21.tif,2135.393049,95
A_69.tif ,2136.431664,69
BH_01.tif,2137.466768,75
A_15.tif ,2138.504407,15
A_07.tif ,2139.542539,7
BI_14.tif,2140.580565,115
A_62.tif ,2141.616459,62
BI_01.tif,2142.649727,102
A_18.tif ,2143.685003,18
A_32.tif ,2144.718024,32
BL_01.tif,2145.7532,129
A_55.tif ,2146.789167,55
BI_15.tif,2147.824874,116
BL_25.tif,2148.866006,153
A_64.tif ,2149.904951,64
A_62.tif ,2150.937968,62
A_18.tif ,2151.970984,18
A_62.tif ,2153.005291,62
BL_06.tif,2154.044609,134
A_45.tif ,2155.081226,45
A_16.tif ,2156.113135,16
A_39.tif ,2157.149549,39
BH_20.tif,2158.182717,94
BL_26.tif,2159.217011,154
BL_08.tif,2160.253014,136
BL_12.tif,2161.291963,140
BI_26.tif,2162.326321,127
BI_13.tif,2163.363895,114
A_18.tif ,2164.399336,18
A_18.tif ,2165.433394,18
BL_26.tif,2166.465442,154
A_65.tif ,2167.499717,65
BI_12.tif,2168.536657,113
A_65.tif ,2169.576094,65
BH_12.tif,2170.614468,86
BL_01.tif,2171.650554,129
BI_16.tif,2172.687691,117
A_16.tif ,2173.72036,16
A_46.tif ,2174.75755,46
BL_16.tif,2175.79279,144
A_33.tif ,2176.830378,33
A_13.tif ,2177.861461,13
BL_07.tif,2178.898701,135
A_37.tif ,2179.939212,37
A_42.tif ,2180.976854,42
BL_16.tif,2182.01118,144
A_26.tif ,2183.04566,26
A_01.tif ,2184.080046,1
BL_11.tif,2185.115175,139
BL_21.tif,2186.148366,149
A_48.tif ,2187.181844,48
BH_02.tif,2188.21512,76
BL_04.tif,2189.25058,132
A_73.tif ,2190.285779,73
BH_14.tif,2191.32102,88
A_67.tif ,2192.358708,67
BI_15.tif,2193.393938,116
A_57.tif ,2194.435056,57
BL_01.tif,2195.468678,129
BH_18.tif,2196.50235,92
A_52.tif ,2197.536846,52
BL_21.tif,2198.570235,149
A_13.tif ,2201.084127,13
A_46.tif ,2202.13011,46
A_51.tif ,2203.167152,51
A_43.tif ,2204.202464,43
A_64.tif ,2205.239231,64
BL_22.tif,2206.277259,150
A_45.tif ,2207.31169,45
BI_12.tif,2208.347695,113
BL_05.tif,2209.384752,133
A_53.tif ,2210.42489,53
BL_02.tif,2211.459158,130
A_22.tif ,2212.49693,22
A_72.tif ,2213.531515,72
BL_24.tif,2214.569499,152
BH_18.tif,2215.61047,92
A_27.tif ,2216.647362,27
BH_21.tif,2217.683637,95
A_16.tif ,2218.721032,16
BL_08.tif,2219.756846,136
A_50.tif ,2220.794371,50
BL_07.tif,2221.828637,135
A_60.tif ,2222.863232,60
BL_02.tif,2223.907118,130
A_55.tif ,2224.942729,55
A_54.tif ,2225.976119,54
BL_20.tif,2227.011259,148
BL_23.tif,2228.049559,151
A_01.tif ,2229.083715,1
BH_25.tif,2230.119105,99
BH_16.tif,2231.155276,90
BH_27.tif,2232.189582,101
A_51.tif ,2233.226346,51
A_46.tif ,2234.264,46
A_17.tif ,2235.297309,17
BI_11.tif,2236.334599,112
BH_26.tif,2237.371527,100
A_04.tif ,2238.40518,4
BL_19.tif,2239.439373,147
A_28.tif ,2240.478636,28
A_12.tif ,2241.51871,12
BH_12.tif,2242.549221,86
A_29.tif ,2243.582413,29
BL_24.tif,2244.617805,152
BH_10.tif,2245.653522,84
A_70.tif ,2246.687494,70
A_05.tif ,2247.722645,5
A_35.tif ,2248.763814,35
BH_23.tif,2249.800164,97
BI_25.tif,2250.836605,126
A_29.tif ,2251.870163,29
A_08.tif ,2252.90709,8
BH_14.tif,2253.943602,88
A_21.tif ,2254.979602,21
A_16.tif ,2256.019874,16
BI_10.tif,2257.058299,111
BI_27.tif,2258.096646,128
A_43.tif ,2259.138563,43
A_47.tif ,2260.174924,47
A_55.tif ,2261.215129,55
A_54.tif ,2262.246925,54
A_40.tif ,2263.28584,40
BH_03.tif,2264.326018,77
BI_05.tif,2265.36172,106
A_66.tif ,2266.398973,66
BH_25.tif,2267.435409,99
BH_15.tif,2268.475382,89
A_20.tif ,2269.51563,20
A_48.tif ,2270.551908,48
A_13.tif ,2271.590465,13
BI_16.tif,2272.622762,117
BL_06.tif,2273.66364,134
A_70.tif ,2274.697915,70
BH_06.tif,2275.73819,80
A_31.tif ,2276.773777,31
BH_27.tif,2277.810659,101
A_42.tif ,2278.850021,42
BI_04.tif,2279.889563,105
A_08.tif ,2280.924219,8
BI_12.tif,2281.960883,113
BL_03.tif,2282.999683,131
BH_18.tif,2284.040287,92
A_47.tif ,2285.076675,47
A_61.tif ,2286.114842,61
A_22.tif ,2287.153865,22
A_57.tif ,2288.186263,57
BL_04.tif,2289.224126,132
BI_03.tif,2290.262527,104
A_05.tif ,2291.300531,5
BI_01.tif,2292.334796,102
A_25.tif ,2293.368838,25
BH_02.tif,2294.406622,76
BI_21.tif,2295.441728,122
A_47.tif ,2296.476176,47
BL_14.tif,2297.517307,142
A_15.tif ,2298.555555,15
BL_27.tif,2299.591978,155
BI_08.tif,2300.62815,109
BH_17.tif,2301.6645,91
BL_17.tif,2302.69753,145
BH_03.tif,2303.734633,77
BI_27.tif,2304.772248,128
BH_20.tif,2305.81011,94
A_62.tif ,2306.849663,62
BI_24.tif,2307.884211,125
BH_05.tif,2308.917346,79
BH_06.tif,2309.95594,80
A_44.tif ,2310.989391,44
BI_23.tif,2312.021316,124
BL_02.tif,2313.054824,130
BI_10.tif,2314.090483,111
BH_02.tif,2315.126655,76
A_19.tif ,2316.165132,19
A_20.tif ,2317.199776,20
BI_23.tif,2318.233688,124
A_28.tif ,2319.269002,28
A_30.tif ,2320.306478,30
A_26.tif ,2321.346738,26
BL_22.tif,2322.379682,150
A_14.tif ,2323.414855,14
BL_15.tif,2324.453805,143
A_19.tif ,2325.491587,19
BH_17.tif,2326.527841,91
BL_23.tif,2327.562856,151
BL_21.tif,2328.594764,149
A_02.tif ,2329.637454,2
A_66.tif ,2330.67844,66
BI_10.tif,2331.718462,111
BH_09.tif,2332.753635,83
BL_08.tif,2333.79088,136
A_31.tif ,2334.826356,31
BI_18.tif,2335.859516,119
A_41.tif ,2336.895999,41
A_40.tif ,2337.934422,40
BL_17.tif,2340.357972,145
BH_08.tif,2341.403831,82
BL_18.tif,2342.441917,146
BL_07.tif,2343.478979,135
A_66.tif ,2344.514535,66
BL_11.tif,2345.552736,139
BH_01.tif,2346.587768,75
A_41.tif ,2347.626296,41
BL_17.tif,2348.664517,145
A_55.tif ,2349.704793,55
A_66.tif ,2357.089771,66
BI_07.tif,2358.140339,108
BH_03.tif,2361.033332,77
BI_21.tif,2362.077085,122
BI_26.tif,2363.118172,127
A_40.tif ,2364.150459,40
A_33.tif ,2365.18668,33
A_36.tif ,2366.223052,36
A_10.tif ,2367.257212,10
BH_22.tif,2368.293328,96
BI_23.tif,2369.331562,124
A_09.tif ,2370.370453,9
BI_26.tif,2371.405784,127
BL_01.tif,2372.437972,129
A_32.tif ,2373.473129,32
BL_05.tif,2374.508846,133
BI_24.tif,2375.542621,125
A_50.tif ,2376.579035,50
BL_17.tif,2377.619384,145
A_34.tif ,2378.652968,34
BL_01.tif,2379.69164,129
A_24.tif ,2380.729438,24
A_11.tif ,2381.764591,11
BH_03.tif,2382.798679,77
BH_08.tif,2383.83847,82
A_27.tif ,2384.875498,27
BL_06.tif,2385.907632,134
A_07.tif ,2386.947022,7
A_63.tif ,2387.983616,63
BH_07.tif,2389.017392,81
A_42.tif ,2390.052197,42
BH_27.tif,2391.087069,101
BH_19.tif,2392.121575,93
BI_08.tif,2393.160875,109
BI_22.tif,2394.204711,123
A_49.tif ,2395.238049,49
A_27.tif ,2396.273605,27
BH_27.tif,2397.310029,101
BL_06.tif,2398.345915,134
A_42.tif ,2399.381064,42
A_10.tif ,2400.420444,10
BL_14.tif,2401.453412,142
A_13.tif ,2402.487343,13
A_04.tif ,2403.521413,4
BI_06.tif,2404.55811,107
BL_15.tif,2406.955983,143
A_31.tif ,2407.996924,31
BH_14.tif,2409.036239,88
BL_19.tif,2410.076419,147
BH_07.tif,2411.115336,81
BH_07.tif,2412.150838,81
BL_21.tif,2413.187127,149
A_51.tif ,2414.222464,51
BI_10.tif,2415.260719,111
A_21.tif ,2416.297834,21
A_43.tif ,2417.334927,43
BH_13.tif,2418.36948,87
BH_08.tif,2419.408365,82
BH_09.tif,2420.443871,83
BI_20.tif,2421.477567,121
BI_07.tif,2422.517232,108
A_02.tif ,2423.558731,2
BI_03.tif,2424.593668,104
A_16.tif ,2425.630095,16
A_44.tif ,2426.66716,44
A_08.tif ,2427.708813,8
A_56.tif ,2428.748281,56
A_36.tif ,2429.786678,36
A_06.tif ,2430.822957,6
BH_22.tif,2431.857958,96
BI_01.tif,2432.896312,102
A_50.tif ,2433.93143,50
BI_09.tif,2434.968688,110
BL_02.tif,2436.002914,130
A_62.tif ,2437.042081,62
A_55.tif ,2438.082135,55
BI_06.tif,2439.116071,107
BL_27.tif,2440.147745,155
BL_21.tif,2441.188658,149
A_53.tif ,2442.22253,53
A_36.tif ,2443.263156,36
A_71.tif ,2444.303277,71
A_63.tif ,2445.341549,63
A_23.tif ,2446.380645,23
BI_21.tif,2447.416945,122
BL_04.tif,2448.452886,132
A_57.tif ,2449.489602,57
BL_17.tif,2450.530381,145
BL_10.tif,2451.569116,138
BL_12.tif,2452.601746,140
A_38.tif ,2453.637321,38
BI_02.tif,2454.671052,103
A_54.tif ,2455.703609,54
A_05.tif ,2456.736229,5
BH_07.tif,2457.775334,81
BH_22.tif,2458.812316,96
A_17.tif ,2459.848723,17
A_71.tif ,2460.888038,71
BH_03.tif,2461.926299,77
BI_18.tif,2462.966702,119
A_24.tif ,2464.006688,24
BH_19.tif,2465.042876,93
BL_17.tif,2466.075849,145
A_42.tif ,2467.112227,42
BH_05.tif,2468.145678,79
BI_19.tif,2469.181697,120
BL_04.tif,2470.222867,132
BL_04.tif,2471.263309,132
A_53.tif ,2472.297192,53
BI_01.tif,2473.332767,102
BL_23.tif,2474.370473,151
A_26.tif ,2475.409563,26
BH_24.tif,2476.446869,98
BI_03.tif,2477.484023,104
BH_13.tif,2478.522044,87
A_03.tif ,2479.558335,3
BL_12.tif,2480.595777,140
A_11.tif ,2481.627772,11
A_07.tif ,2482.666124,7
BI_02.tif,2483.699145,103
BI_01.tif,2484.73445,102
A_17.tif ,2485.774652,17
A_24.tif ,2486.813605,24
BL_19.tif,2487.851335,147
BH_23.tif,2488.88677,97
BI_09.tif,2489.924607,110
A_13.tif ,2490.965888,13
A_45.tif ,2491.998502,45
A_54.tif ,2493.033827,54
BI_11.tif,2494.070047,112
A_26.tif ,2495.103281,26
A_37.tif ,2496.14161,37
A_18.tif ,2497.177492,18
A_14.tif ,2498.211818,14
BL_13.tif,2499.245464,141
A_30.tif ,2502.285053,30
BH_19.tif,2503.334771,93
A_65.tif ,2504.368276,65
BH_01.tif,2505.403354,75
BL_15.tif,2506.43829,143
BI_18.tif,2507.473199,119
A_64.tif ,2508.509521,64
A_09.tif ,2509.54485,9
BI_07.tif,2510.579053,108
BL_21.tif,2511.617723,149
BH_17.tif,2512.653837,91
A_47.tif ,2513.686046,47
A_01.tif ,2514.723424,1
BI_09.tif,2515.762908,110
BL_19.tif,2516.800713,147
BH_22.tif,2517.835041,96
A_73.tif ,2518.865356,73
A_64.tif ,2519.904676,64
A_61.tif ,2520.941663,61
BH_14.tif,2521.976695,88
BL_26.tif,2523.015216,154
